ID,jumlah_promosi
2241,0
2274,0
1107,1
4478,0
5080,4
5725,4
456,4
1711,0
2940,4
3031,6
3551,1
5987,5
6925,5
5735,4
298,0
4020,0
3127,0
7432,6
7375,6
1996,0
5966,5
6697,0
3544,6
7122,6
1379,3
505,1
224,0
3024,0
2946,0
153,0
229,0
7411,6
2655,3
6972,5
320,1
5205,4
2454,0
3482,0
6708,5
3028,0
5747,4
787,3
6608,5
3188,1
5995,5
10,0
1556,0
2100,0
4496,3
6847,5
2681,0
570,0
4800,3
5642,4
6813,5
5820,4
3731,2
4586,1
6650,5
2024,0
3512,2
2532,0
3640,2
129,0
6712,5
6460,0
5050,4
4665,3
4532,3
2434,6
4832,3
5451,4
6220,5
1922,5
7414,6
4959,3
2165,0
7523,6
1448,2
2121,0
6991,5
6533,5
152,0
2474,0
6976,5
1208,3
6369,5
907,0
4663,3
2063,0
524,0
7455,6
5072,4
2293,0
7116,6
3319,1
5402,4
2703,0
3903,2
5498,4
3829,2
2327,1
5221,0
5517,4
3692,2
5198,0
2742,0
6303,5
1484,0
3124,1
2764,0
426,0
4334,1
1115,4
988,0
6412,5
681,1
4240,3
3757,2
3711,1
5911,4
6818,5
3933,2
5153,4
407,0
2665,0
6272,5
117,0
3536,0
5828,4
773,0
7026,6
4269,3
4874,3
6374,5
445,1
2019,0
3235,1
4380,3
4795,3
4221,3
5770,4
7457,6
4504,3
1818,0
227,0
3716,2
7568,6
4983,3
6101,5
601,1
6660,5
7578,6
5884,4
3296,0
6114,5
5306,4
93,1
6397,5
5393,4
5739,4
5782,4
4238,3
7349,6
7600,6
1841,5
2862,0
6413,5
337,1
84,0
5332,4
4147,2
5435,4
2462,0
6565,5
4895,3
1056,0
203,1
5183,4
376,3
2303,0
1659,1
6393,5
6433,5
3562,0
868,0
3374,1
2315,0
1822,0
2008,0
2290,0
6926,5
3914,0
4054,2
2072,1
1177,0
7402,6
4158,3
6495,5
6432,5
4853,3
5307,4
3661,2
5954,4
4273,3
4525,3
4989,3
4690,3
1071,1
537,5
1350,1
3079,1
4217,3
5453,4
5783,4
7456,6
6798,5
6197,5
6095,5
923,0
4290,3
2492,0
7562,6
2269,1
6988,5
4460,3
1285,0
6941,5
7620,6
382,0
2510,4
4357,3
6875,5
1929,0
5649,4
5250,4
1061,0
7593,6
6523,5
2284,0
431,2
2423,0
6352,5
5567,4
4403,3
1336,0
1138,0
5659,4
1597,0
101,0
796,0
5711,4
2173,1
4821,3
7461,6
3248,1
7308,6
3528,1
256,0
6502,5
7154,6
3098,1
6184,5
70,0
1282,0
3273,1
2741,0
2481,6
1920,0
4328,3
5874,4
7174,6
5842,4
7127,6
4224,3
5975,5
4200,2
2806,0
6458,5
5571,4
1777,1
4184,3
457,5
4303,3
6999,5
3876,3
2353,0
273,0
774,2
7347,6
5582,4
1414,0
1116,1
766,0
5340,4
913,6
5937,4
2363,0
504,3
5556,4
2417,0
1020,1
4678,3
6671,5
6643,5
6018,5
5367,6
3141,5
2362,0
2180,0
4566,6
1587,1
4855,3
1927,2
2845,0
4657,3
4284,3
6061,5
6587,5
3330,1
4600,3
1778,0
5635,4
2528,0
5670,4
7532,6
6469,5
1418,0
4765,3
2058,0
5832,4
4196,3
506,0
4274,3
2866,0
3214,1
2755,0
64,1
4425,3
6341,5
408,0
1798,2
5350,4
4559,3
1246,0
5322,4
4823,3
1953,6
1908,1
3797,2
2942,0
4087,0
5455,4
3388,1
4122,1
4498,3
1370,0
2289,0
769,1
7423,6
1968,0
1906,0
3685,1
6557,5
7439,1
1498,1
7323,6
4739,3
2729,0
887,0
2341,0
3285,4
5516,4
1410,1
2922,0
7210,6
1743,6
3468,0
6110,5
4374,3
956,0
7294,6
4339,3
2373,4
1582,1
6022,5
2977,0
1977,0
756,6
7146,6
6524,5
6907,5
3850,2
6980,5
1462,2
4436,3
848,0
2082,4
3734,2
4676,3
1505,0
1649,0
3659,1
5157,4
5844,4
5876,4
4343,3
3632,2
5069,0
2425,4
3398,1
5817,4
3403,1
5209,4
1496,1
6799,5
6781,5
4309,3
3939,2
338,6
7597,6
3727,2
2485,0
5222,4
4701,3
1672,6
560,0
4839,3
6961,5
904,0
3126,1
4297,3
6738,5
3520,1
6116,5
4554,3
2403,6
4970,3
5863,4
190,3
5025,4
1933,1
4530,3
1703,0
2473,0
5980,5
3291,0
5932,4
7333,6
4512,3
5326,4
2116,0
6084,5
2994,1
41,2
2959,0
3668,2
2179,0
6786,5
2643,0
3569,0
6518,5
4509,3
2567,0
6726,5
5108,4
2843,0
1364,6
6124,5
1664,0
4996,3
1655,0
5754,4
5897,4
3808,0
5070,4
4541,3
2157,0
1962,0
2948,0
6756,5
4282,3
7504,6
5186,4
4474,3
7225,6
1289,4
1753,0
1023,0
6117,5
4165,3
7488,6
3,0
444,0
1344,0
6826,5
5889,4
4627,3
4997,3
5880,4
3320,1
2139,0
5448,4
7470,6
1979,3
791,2
6166,5
1323,3
930,0
6986,5
3792,2
6529,5
5868,4
7180,6
6130,5
5900,0
4152,2
1593,0
2662,0
4522,3
2925,0
3402,1
7354,6
5587,4
6034,5
2086,1
4099,2
6744,5
2486,4
5314,4
1934,0
802,0
938,0
1959,0
1670,0
4928,3
7417,6
1044,0
2200,0
5188,4
779,0
4539,3
366,1
1773,6
5419,4
7197,6
4172,3
933,0
1885,0
3806,2
4894,3
3070,0
5543,4
4754,3
7271,6
136,0
3643,2
192,0
5736,4
5881,4
3967,2
2970,0
2264,0
2131,2
2383,3
277,0
5219,0
6065,5
2857,0
4913,3
5178,4
2736,0
1551,1
753,1
4635,3
3732,1
6510,5
1114,0
7281,6
3099,6
6327,5
5514,4
2307,0
6785,5
1609,0
1888,0
220,0
304,0
6031,0
1275,1
6198,5
5210,4
7548,6
4395,3
470,0
4829,3
20,1
2398,1
3597,2
3431,1
3459,0
4053,2
3313,1
3364,1
1048,0
1838,0
5994,5
7437,6
267,0
3140,1
54,0
7394,6
5238,4
2821,0
6599,5
1401,4
3048,0
121,6
4162,5
5495,3
1846,0
4422,3
4503,3
7454,6
1813,0
2789,0
5320,4
1313,1
7194,6
4544,3
2522,0
3125,1
5840,4
3521,1
5666,4
1126,1
820,2
2976,0
1417,0
782,0
6354,5
2891,0
3080,1
5149,4
1296,0
4831,3
3045,0
4042,0
2937,0
7168,6
3557,1
5165,4
3337,1
6342,5
5482,4
4860,3
2240,0
6915,5
6778,5
2416,0
3949,2
4638,3
342,3
4673,3
1249,0
7567,6
5392,4
3885,2
1860,0
5031,4
1046,0
1184,0
952,0
5983,5
3953,2
4416,3
6630,5
6078,5
4995,3
5346,4
1232,0
664,0
2479,1
5218,4
672,1
1849,0
6362,5
6035,5
950,1
3710,0
4793,3
7147,6
994,0
5630,4
1190,5
4844,3
1352,0
5530,4
4418,3
2688,0
1679,1
2298,0
7218,6
3742,2
1130,4
3103,1
4819,3
6276,5
3105,1
5397,4
5970,5
2590,0
4002,0
6119,5
1901,1
5266,4
3145,0
2188,0
5166,4
806,0
213,0
1291,1
2743,0
2272,5
1855,0
5798,4
7377,0
205,3
550,0
2007,0
3219,4
7192,6
5060,0
2668,0
3110,1
3301,1
4911,0
1882,0
6290,5
3409,0
5407,4
2552,0
7246,6
2093,2
359,0
884,6
6771,0
86,0
7029,6
2999,0
695,0
5794,4
1378,0
3002,0
3029,0
2095,2
5950,4
5008,3
2178,4
3733,0
3681,0
3205,1
4346,3
4341,3
6424,5
1710,6
5176,4
3821,2
879,0
658,0
5804,4
4421,3
4227,3
6359,5
3369,1
2279,0
5177,4
6140,5
2767,0
471,0
3158,1
2900,0
3627,0
509,1
2129,1
2339,0
427,0
7313,6
2012,5
703,5
2258,1
6858,5
6540,5
1234,1
7604,6
7160,6
6296,5
4296,3
6943,5
2186,1
7453,6
2585,0
5775,4
364,1
3698,2
2886,2
5752,4
2443,1
6277,5
7044,6
326,0
3547,0
3873,2
6346,5
4670,3
7374,6
1512,0
6908,5
3610,0
7144,6
3553,2
871,6
2875,0
3920,2
3897,2
6958,4
1481,1
3646,2
1191,0
2190,6
4700,3
521,2
4483,3
2639,1
1024,0
7111,6
6258,5
6218,5
132,4
7040,6
7363,6
2812,0
1216,0
282,0
583,0
3514,1
1745,6
1731,1
775,0
5837,4
4602,3
4082,2
3239,0
5882,4
2872,0
3856,2
4692,3
2505,0
3372,1
4922,3
2282,0
6225,5
4083,2
6233,5
4954,3
325,0
6929,5
5109,4
3592,2
2246,1
3591,0
491,0
7264,6
2687,4
4292,3
1578,0
1205,1
3607,2
6365,5
1074,0
1956,0
4438,3
5609,4
3077,1
790,3
4636,3
6485,0
6877,5
6874,5
2771,0
5718,4
4470,3
5965,5
4429,3
2971,0
1543,0
3898,0
4361,3
4034,2
7549,6
462,0
5603,4
1891,3
5895,4
1603,1
5464,4
2629,0
1487,0
1806,0
4371,3
546,3
371,0
2294,0
2006,0
4304,0
2859,0
1692,0
859,5
3438,1
6672,5
6301,5
6154,5
7089,6
6866,5
6743,5
2658,0
1572,0
422,0
1433,1
3774,4
5724,4
2610,0
1852,1
799,0
6181,5
6239,5
6315,5
4786,3
4774,3
4535,3
4564,3
1425,0
2436,4
3611,0
7579,6
5812,4
6859,5
3293,1
4543,3
4151,2
834,0
5626,4
1277,0
7493,6
1809,0
6837,5
2103,5
6113,5
2447,1
4847,3
4607,3
3548,1
984,1
2280,0
1396,0
1109,0
611,0
5059,4
6295,5
1099,0
1483,0
4050,2
6128,5
6289,5
4973,3
6089,5
976,5
3072,1
2135,0
74,0
5858,4
6,0
1535,0
2909,0
2428,2
739,1
2484,0
6398,5
1877,2
7490,6
7038,6
6474,5
3312,0
634,6
1923,0
405,0
728,4
6713,5
4940,3
5713,4
7373,6
3747,2
7285,0
253,0
918,0
5271,4
7522,6
517,0
4477,3
7378,6
2679,0
7222,6
3973,1
3601,2
3743,2
1006,0
4694,3
4547,3
3563,1
3637,2
7619,6
2078,0
186,0
772,6
514,0
476,0
4220,3
4412,3
1339,6
2261,0
4990,3
6179,6
2418,4
5328,4
983,0
4219,3
811,0
2983,0
1376,0
3168,1
6396,5
4514,3
5653,4
7223,6
2509,0
3913,1
7544,6
1673,1
313,1
4630,3
6210,5
1793,0
3511,4
1893,4
4378,6
4761,3
4109,2
6010,2
2638,0
6406,5
1637,0
1012,1
2320,0
6722,5
3333,1
761,6
3019,1
7492,6
920,2
523,3
1913,0
2329,5
1244,1
3494,1
6939,5
174,3
5740,4
4590,3
2752,0
5637,4
244,0
6407,5
5295,4
924,1
5345,4
2143,0
2874,0
5706,4
3357,1
6684,5
4616,3
5749,4
3303,1
865,3
609,1
2920,0
439,0
4279,3
5920,0
2159,0
1681,0
5991,5
6508,5
631,2
6214,0
1491,0
3928,0
4317,3
1974,2
660,0
5697,4
2464,0
3073,5
7565,1
5462,4
4759,3
5936,4
5251,4
764,0
1435,0
135,0
822,5
6456,5
7416,6
4757,3
1354,5
6762,5
6372,5
6470,5
1732,1
5597,4
730,0
322,0
566,0
468,0
5833,4
2499,1
7289,6
6036,5
4709,3
5683,4
7231,6
2074,1
1268,0
6480,5
7359,6
3522,1
5887,4
306,0
3523,0
3321,1
6347,5
2321,0
1707,0
6674,1
2013,0
7056,6
262,0
1958,5
2623,0
5353,4
4204,3
1183,0
1225,0
3191,1
7337,0
3935,0
4846,3
396,0
2817,0
905,0
2390,0
1351,5
7317,6
437,4
3936,1
2260,1
4018,0
803,0
830,0
6776,5
2215,0
3211,1
126,6
7134,0
3311,1
1579,5
386,0
5787,4
785,0
176,1
292,6
1280,4
4927,3
293,2
2265,6
828,1
5289,4
1031,6
946,0
3270,1
4331,3
2565,0
3406,1
6205,5
5085,4
4352,3
605,0
4570,3
1557,1
2476,0
7110,0
2596,0
6451,5
489,0
5537,4
6796,5
7314,0
1399,0
3859,2
1784,0
1950,0
5949,4
4766,3
2429,1
7187,6
2721,0
7324,6
3857,2
7139,6
1231,1
3345,1
3448,4
1663,0
3089,0
6201,5
2719,0
2605,0
99,0
6627,5
4809,3
4016,2
345,0
4253,3
498,0
281,0
5076,4
3041,0
2187,1
4451,3
6235,5
4084,2
2720,0
3190,2
5335,4
7102,6
2,4
6175,5
4424,3
2972,0
567,0
7087,6
7268,6
3977,2
1799,0
1145,0
1489,1
3206,1
5934,4
5853,4
4466,3
3549,1
1294,0
5145,4
1716,0
307,0
721,0
3277,1
6238,5
3924,2
3704,2
5132,4
5546,4
6395,5
3987,2
3118,0
7340,6
6704,5
3622,2
765,1
3940,2
2292,0
7228,6
3525,1
5834,4
6550,5
4960,3
4950,3
130,0
7403,6
2163,1
2438,0
340,0
2805,0
3309,1
3529,6
4724,3
2908,0
1338,1
6514,5
5496,4
819,0
5478,4
4100,2
1449,0
5473,4
276,6
4342,3
2548,0
6543,5
7350,6
2171,1
4080,2
1051,0
2249,1
4259,3
4386,3
1515,0
6865,5
7327,6
7617,6
6966,5
7237,6
6363,5
4401,3
5731,3
3626,2
3911,2
2832,4
4662,3
1909,0
4771,3
5243,1
7538,6
4838,0
3860,2
2311,1
5488,4
1733,1
6169,5
4518,3
7198,6
2919,0
2554,0
1684,0
4476,3
6602,5
555,0
5899,4
7346,6
7276,6
3375,0
6584,5
2490,1
3047,0
6824,5
3851,2
2606,0
7043,6
6900,5
2262,5
4644,3
6637,5
2839,2
7341,6
1343,0
2796,0
3925,2
2813,2
1217,0
2918,0
3986,4
1917,0
128,0
6682,5
6588,5
2518,0
1108,1
358,0
2784,0
7045,6
5039,4
5410,4
7624,6
3832,2
2701,0
6159,5
594,1
3025,0
2088,0
5661,4
6679,5
4479,3
202,2
4979,3
367,1
5454,4
3215,4
4096,2
2400,0
2844,0
2799,0
5217,4
3332,1
3516,1
3881,2
2181,0
4215,3
5057,4
4698,3
252,0
2759,1
5231,4
3238,5
4545,3
1450,1
2819,0
1011,0
2556,0
6168,5
5313,4
4824,3
5716,4
3809,2
4457,3
2693,0
3397,1
5323,4
1429,0
2408,0
903,0
7011,6
6918,5
7064,1
1236,1
4606,3
4517,3
1001,2
6500,5
5617,4
1796,0
942,1
49,1
893,0
7201,6
740,0
5441,4
2906,0
6862,5
3693,2
4248,3
239,0
1610,0
496,0
2161,0
5814,4
7062,6
7514,6
3198,4
1053,6
6531,5
2958,0
4881,0
1153,6
4952,3
3910,2
3961,2
725,0
6924,0
5870,4
104,6
7398,6
5043,4
5807,4
6096,5
474,0
7167,6
1689,0
7046,6
4078,2
1199,0
223,0
1645,0
874,4
5652,4
6323,5
6386,5
3496,4
265,5
4301,3
5616,4
1740,5
7362,6
2011,0
179,1
6416,5
1980,0
2048,0
3700,2
2939,6
1033,0
4332,3
2513,0
7405,6
1308,0
2046,4
809,2
5391,4
5904,4
858,0
5078,4
2206,0
7494,6
2096,0
6004,5
7431,6
2984,1
3302,2
687,1
3245,1
6690,5
3223,1
1283,6
1493,0
221,2
4131,6
1203,3
6080,5
4237,3
5244,4
4723,3
3620,2
374,5
87,0
3728,2
5187,4
6729,5
5286,4
5312,4
5691,4
6284,5
4074,2
4146,0
4211,3
4611,3
2954,0
3558,0
5308,4
6454,5
7573,1
2375,0
1954,0
2381,0
6959,5
4932,3
4150,1
4179,3
5905,4
4617,3
5771,4
5625,4
1154,0
3735,2
3456,1
1994,2
558,1
6681,5
5577,4
7627,6
5225,4
6174,5
6063,5
2022,0
5311,4
4003,2
4435,3
6609,5
3537,0
495,0
6189,5
6192,5
2887,0
5077,4
5066,4
3882,0
6337,5
6212,5
7572,5
4529,3
4329,3
3066,0
4935,3
2563,0
3858,2
2969,0
4256,3
3472,1
3325,1
1226,0
518,2
1839,6
3133,1
1677,0
156,0
286,1
4622,3
4864,3
6583,5
15,1
6562,5
3598,2
3810,2
2524,0
4268,3
2997,0
6833,5
6977,5
3131,1
6780,5
6207,5
6196,5
1782,2
4258,3
2982,0
4428,3
4552,3
5614,4
3063,0
2573,0
5067,4
1016,1
4511,3
659,0
7183,0
5813,4
925,1
6938,5
5477,4
5468,4
5877,4
2125,1
1151,3
1328,0
7109,6
2357,1
1087,1
4030,6
1172,2
2300,1
3979,2
1766,0
5852,4
6030,5
3130,1
2297,0
1717,0
4307,3
317,0
6558,5
7509,6
1131,1
42,0
7609,6
4994,3
6434,5
592,0
2256,6
4210,3
6216,0
2331,0
5958,4
2054,3
584,0
1545,0
5854,4
5973,5
3243,1
6753,5
3507,1
73,0
5985,5
3690,1
2626,0
5429,4
1932,0
4046,2
748,1
5112,4
5021,4
2581,0
5758,4
6517,5
5990,5
5107,4
3662,2
1010,0
1931,0
7202,6
2772,0
975,0
525,0
603,0
667,2
6689,5
7479,6
4955,3
1868,0
44,0
7429,6
3289,5
257,1
6099,5
7272,6
2620,0
2094,0
5792,4
4032,5
3751,2
3429,5
5902,4
4679,3
6136,5
5730,4
6852,5
3889,2
3060,1
6808,5
7082,6
5199,4
6481,5
1319,0
1035,1
6974,5
744,5
4551,3
481,0
3085,1
5848,4
418,2
5144,4
4164,3
4038,4
6150,5
4612,3
7339,6
5442,4
5935,4
4398,3
2154,0
965,0
5001,3
6665,5
3152,1
882,1
5378,4
5594,4
7381,6
1594,0
7072,1
7036,6
7135,6
3418,0
5017,4
4097,2
1907,0
6955,5
4978,3
7063,6
3777,1
690,0
4280,4
4153,2
4686,3
4519,0
5200,4
7001,5
1559,1
3688,2
4088,3
7101,6
1176,0
3008,0
4464,5
3656,2
6468,5
490,0
3752,2
4135,2
1345,0
6717,5
6478,5
7071,6
251,0
5013,4
4797,3
7399,6
3509,1
1215,6
6368,5
4802,3
2448,1
368,0
4884,3
6082,5
3719,0
6389,5
676,0
4810,1
207,0
6203,5
6979,5
3005,0
3241,1
6146,5
1658,0
4214,3
1004,0
7090,6
2550,0
1739,0
4966,3
6736,5
1165,1
1060,5
3527,0
643,5
3244,1
5128,4
5385,4
5211,4
2065,0
5562,4
2924,0
2547,0
3976,2
234,0
3042,0
5976,5
2726,0
6545,5
2257,0
5424,4
6077,5
6288,5
3269,6
2795,0
6375,5
4834,3
7361,6
7230,0
6580,5
4170,0
4695,3
1326,1
2210,1
699,2
391,0
2849,0
7529,6
232,1
218,0
1315,0
6635,5
888,0
4060,2
4295,1
6423,5
6256,5
4092,1
13,0
6772,5
6942,5
891,0
3149,1
3340,0
6532,5
5316,4
7616,6
1473,0
3455,1
2350,0
6222,5
5175,4
3196,1
6784,5
155,4
5246,4
3107,4
1633,1
4936,3
7179,6
7164,6
625,2
288,0
6280,5
2123,0
1865,0
3160,1
4423,3
3046,0
6632,5
6371,5
4537,3
805,0
3210,1
692,0
1789,0
3038,0
5329,4
543,5
742,0
5443,4
4173,3
7275,6
7540,6
7240,6
6336,5
829,0
3666,2
381,0
4014,2
4469,3
1674,0
2204,0
3606,0
494,3
7608,1
3602,2
477,0
646,0
6387,5
6727,5
6850,5
2253,2
5425,4
4783,3
5708,4
1309,0
4807,3
4961,3
1620,0
2144,1
5389,4
2915,0
473,0
1823,0
3684,0
3101,0
4407,3
6879,5
2378,0
1630,0
1940,5
1464,0
2387,5
6995,0
4649,3
2899,0
3938,2
926,1
2852,4
2176,6
4041,2
5823,4
1421,0
5981,5
6215,5
4427,3
6989,5
1356,3
1837,3
3284,1
2045,0
7033,6
5331,4
4340,3
1788,0
6334,5
106,0
2901,4
6749,5
5309,4
5632,4
2196,0
2820,0
3779,2
2952,0
5459,4
4977,0
2923,0
2027,1
7583,6
5829,4
5612,0
3934,2
977,4
1763,1
981,1
1119,0
6155,5
2837,1
5777,4
6513,5
1327,2
4628,3
2549,0
4790,3
6107,5
6024,5
1760,0
3484,1
4719,3
5230,4
6821,5
7159,1
2964,0
5656,4
6224,5
7438,6
1687,5
4857,3
4794,3
2965,0
2621,0
1988,0
447,1
4022,5
4272,3
6325,5
4805,3
4065,2
5239,4
6654,5
6444,5
389,0
6945,5
6021,5
1127,0
2333,2
808,4
6494,5
2439,0
6787,5
7331,6
1568,6
2670,0
4613,3
7413,6
3878,2
6195,5
424,5
7010,6
7242,6
1413,0
423,1
6098,5
2616,0
5809,4
6217,5
2869,0
3307,1
1040,2
4870,3
2000,0
6446,5
2637,0
5559,4
6234,5
3838,2
4360,3
997,0
3677,4
7599,0
7131,6
1947,1
3674,0
4197,3
2833,0
7075,6
3721,2
6032,5
3950,2
486,0
4335,3
6307,5
1638,2
5040,6
733,0
5471,4
6711,5
3382,1
287,0
4281,3
7199,0
715,0
3855,0
3460,1
7338,6
6269,5
854,0
2615,0
4879,3
4183,3
246,2
1029,0
1553,3
5943,4
5538,4
3435,0
6554,5
7447,6
5647,4
4660,3
7307,6
7629,6
7592,6
5662,4
7066,5
3837,0
2205,0
2607,0
2746,0
6400,5
2807,0
6260,5
3272,4
2654,0
6043,5
600,1
4312,3
6891,5
5490,4
323,5
2627,1
4132,2
6074,5
2080,0
37,0
652,0
1265,0
5553,0
7140,6
2202,0
4024,1
390,6
6037,5
5055,4
732,0
5765,4
4349,3
4835,3
3233,4
5885,4
5007,3
3635,2
1320,6
5184,1
3169,1
6624,5
2334,0
442,0
263,0
3847,2
1554,0
3081,4
6909,5
3762,2
7409,1
6892,5
4048,2
3775,0
5467,4
5098,4
812,0
6675,5
4492,3
2304,1
4202,3
3937,2
2299,0
2718,0
2407,0
3996,2
4057,2
6871,5
4735,3
4889,3
1261,1
4241,3
2902,0
2052,1
2758,0
1129,6
6012,5
5766,4
2926,0
3619,1
6870,6
1446,1
2040,4
1814,1
3766,2
3075,1
3387,1
780,0
2516,0
7049,2
7441,6
6408,5
4252,3
6242,0
898,2
2441,1
2050,0
6267,5
2725,0
2071,0
5336,3
2432,0
4646,3
2744,0
6160,5
3764,2
4634,3
4007,2
139,0
749,4
1423,0
1260,0
763,1
3297,1
1103,4
4904,3
195,0
6143,5
6254,5
7117,1
2540,0
6812,5
6657,5
3844,2
5778,4
3982,2
3730,2
5819,4
4061,2
6917,5
7070,0
1555,0
3177,3
1000,0
6475,5
6953,5
7261,6
7003,5
2973,0
2308,1
5291,4
2870,0
6769,5
6505,5
2566,0
493,0
850,3
3395,1
1899,0
1697,6
6559,2
2199,0
2883,0
2980,0
5262,4
3997,2
3854,1
2727,0
2232,1
4079,6
3154,1
4266,3
6248,5
1969,6
6910,5
845,4
4185,3
6856,5
5287,4
2032,0
2030,3
1871,0
5028,4
2802,6
4381,1
6512,5
7067,5
6563,5
5908,4
2270,1
3216,4
5967,5
2014,0
5791,0
1825,1
987,1
4548,3
5663,4
1941,0
7469,6
2487,1
6590,5
7425,6
5411,4
857,0
793,0
1250,2
5643,4
5229,4
679,0
3365,1
6538,5
1850,3
3988,2
2514,2
4666,3
6294,5
723,0
3803,2
3171,0
2306,0
7477,6
1666,0
3811,2
5710,4
7098,6
5491,4
3450,1
5366,4
302,0
3872,2
1214,1
6108,5
3341,0
4223,0
3725,2
6758,5
4815,3
751,0
291,0
6328,1
3658,2
6429,5
580,0
784,2
6642,5
3584,2
6279,5
7329,6
3623,2
4796,3
6641,5
4494,3
7073,6
270,5
540,0
3590,2
4836,3
2636,0
1580,1
3564,1
7589,6
7527,6
4896,3
2526,0
6846,5
6380,5
1366,0
58,0
3518,1
5102,0
2995,0
1987,0
5815,4
6161,5
4842,3
2064,0
880,3
5361,4
2057,0
1626,0
2287,0
4385,3
3791,5
2738,0
3343,1
1775,0
5195,4
5479,4
1018,0
467,1
4447,3
6185,5
4116,2
4582,3
2237,0
1404,6
2037,1
6067,5
433,0
5447,4
5913,4
483,0
6050,5
5727,4
7204,6
3434,0
1092,5
3220,5
5605,4
6081,5
6667,5
31,0
1026,0
1795,0
5220,4
6023,5
5292,4
7450,6
2760,0
4021,4
7074,6
5192,4
6442,5
2846,1
3767,2
4865,3
2732,0
6848,5
1879,1
656,4
6088,5
2038,0
5167,4
6477,5
5174,4
2664,0
3975,2
978,0
243,0
1756,0
7484,6
452,0
236,0
5432,4
1314,2
7480,6
1426,1
2233,2
1926,0
3100,1
328,0
6982,5
7002,5
204,0
7510,6
5561,4
6948,5
2801,0
6601,5
2991,0
1641,0
697,0
3316,0
134,0
3327,1
4944,3
5118,4
3980,2
248,0
5623,4
4091,2
7037,6
361,0
4967,3
3828,2
7390,6
1340,4
3229,4
3628,2
3593,2
1102,4
4302,3
4905,3
855,1
5409,4
1826,0
2498,1
3907,2
1705,0
5878,4
2594,0
167,3
2372,0
4707,3
1303,0
5387,4
1647,4
4806,0
6226,5
2167,1
2889,0
2751,2
5063,4
7380,6
2070,0
1722,0
3018,0
823,1
2829,0
2595,0
5572,4
1675,0
3915,1
767,0
6135,5
922,0
6548,5
5867,4
4633,3
3530,0
3034,0
5408,4
5242,4
3315,1
6219,5
2930,0
2347,0
5053,4
2456,0
5333,4
2850,0
3074,1
974,1
5558,4
5465,4
4062,2
4481,3
324,0
6574,5
7335,6
3877,2
4916,3
5557,4
1624,0
6313,5
6618,0
3506,0
2975,0
6600,5
877,0
7590,6
7474,6
4625,3
1878,0
5762,4
5873,4
1377,0
2757,0
6428,5
6165,5
7618,6
2656,0
5979,5
7533,6
5129,4
4828,3
6696,5
5398,4
7472,0
1409,5
6041,5
1170,0
1188,0
7602,0
6404,5
1342,5
402,0
6367,5
5584,4
3234,1
5898,4
3554,1
4639,3
182,1
4984,3
3453,6
1652,0
6157,5
2625,0
3420,1
1863,0
5296,4
2981,3
2634,0
3120,1
2309,0
5633,4
3782,2
6621,5
6740,5
412,0
1359,0
1113,2
2335,0
2646,0
6162,5
5337,4
384,0
7148,6
123,0
1486,0
4856,3
3634,0
4171,0
4160,3
1036,0
6430,5
6625,5
1169,1
7513,1
4137,0
3679,2
2224,0
4347,3
3817,2
2442,1
3436,6
1223,2
1750,0
2989,0
1600,0
2700,0
6401,5
2126,0
2828,0
6581,5
2835,0
321,0
6622,5
1657,1
4610,3
5971,5
613,0
172,0
7031,6
4453,3
7376,6
4645,3
1730,0
2104,2
2910,0
1434,0
4854,3
5037,4
6816,5
3416,5
563,1
940,0
1654,0
2878,0
4779,3
6141,5
7321,6
4300,3
7601,6
4776,3
5822,4
1469,0
6104,6
4945,3
2355,0
1938,0
3568,1
3363,6
5264,4
7330,6
1389,4
4725,3
6191,5
1163,0
4976,3
7177,6
4168,3
1708,1
5068,4
3201,1
827,1
1271,1
3052,0
2640,0
4318,0
5886,4
5650,4
6227,5
708,1
5917,4
5501,4
4365,3
7260,6
460,0
3951,2
4591,3
6569,4
6450,5
1757,5
1213,1
2618,0
5684,4
1738,1
5365,4
3430,1
998,0
7125,6
6887,5
869,0
5729,4
1067,0
694,0
168,1
2831,0
2275,0
4110,2
886,0
411,0
5534,4
3883,2
1892,0
1117,5
5103,4
1786,0
2635,0
7448,6
5458,4
908,0
673,0
6881,5
3567,1
3912,2
2632,0
5142,4
6329,5
6547,5
3765,2
2739,6
6552,5
2266,0
4584,3
1921,1
1523,1
6542,5
4138,2
1288,4
2122,0
4930,0
3834,2
2364,0
2667,0
2192,0
5000,3
6079,5
1614,0
5660,4
4052,2
5494,4
4985,3
191,0
2641,0
6213,5
6302,5
7138,0
5317,4
5034,4
6615,5
539,0
5427,4
6648,5
6934,5
1015,3
7092,6
7212,6
3673,2
1854,0
214,0
6659,5
2694,0
4206,3
666,0
2055,0
5285,4
171,0
1577,0
388,1
1321,3
308,4
3705,2
7170,6
3697,2
5348,4
5599,4
5125,4
6589,5
7486,6
7157,0
2029,6
7124,6
1207,0
6318,5
620,0
7576,6
479,0
5507,4
6719,5
7086,6
1408,1
4499,3
2079,0
7013,5
7320,6
4756,3
3231,1
2168,3
817,0
6013,5
4112,0
2786,0
522,0
5414,4
416,0
662,0
3212,0
5224,4
2085,6
2056,1
927,0
3271,5
1805,6
2716,0
6028,5
7430,6
4578,3
7060,6
5915,4
4958,3
3204,0
334,0
2723,0
7553,0
6914,5
4143,2
2388,0
797,6
3788,2
7482,6
6266,5
5360,4
6566,5
6453,5
5508,4
1267,0
6819,5
6840,5
4218,3
2557,0
1367,0
939,0
4133,2
1269,1
7206,6
2808,0
5235,4
4337,3
1251,4
4849,3
2208,0
7612,6
2207,0
264,0
6649,5
6851,5
5083,3
4130,4
2102,6
1041,1
6992,5
4549,3
5121,4
4199,3
5563,4
6928,5
6790,5
6965,5
878,1
7057,6
1897,1
1944,0
3984,5
2699,0
5788,4
4775,3
758,0
962,2
6867,5
7083,5
3227,1
2542,0
1533,0
4538,3
6676,5
2449,1
5033,6
5961,4
1748,1
6745,5
6968,5
3467,0
821,0
5301,4
3056,0
792,2
7106,6
400,0
170,1
3581,2
3665,2
2803,0
3917,2
1507,3
5681,4
3172,5
4798,3
675,0
5206,4
7093,6
3604,2
2106,0
3138,1
966,1
3633,2
4720,3
7610,6
2884,0
5380,4
6417,5
2223,0
2823,0
294,0
2861,0
3651,2
2932,0
7634,6
4811,5
5568,4
4568,3
6617,5
5019,3
1967,0
5374,4
4906,3
487,1
2361,0
1335,0
4963,3
3613,2
954,0
6804,5
7247,6
2597,0
3167,0
4861,3
770,4
2558,0
5094,4
6364,5
5275,4
2365,0
1256,0
449,0
6834,5
1567,0
7521,1
4000,4
3998,2
4128,2
2310,0
7055,4
5487,4
1161,0
4962,3
6732,5
6330,5
4203,0
23,0
4784,3
7525,6
5047,4
2259,0
2683,0
6411,5
1669,0
3225,0
6716,5
5856,4
3981,2
3715,2
2047,1
3281,1
1472,0
1300,0
5032,4
159,0
1248,1
1895,0
7241,0
1311,2
3109,1
6807,5
2985,0
4974,3
3501,1
618,0
6572,5
63,0
661,0
1834,0
1563,0
6768,1
1066,0
2028,3
1548,3
3410,1
4409,5
278,5
3723,2
7420,6
2003,1
3295,1
2536,0
2344,0
5499,4
34,0
970,6
5267,4
133,0
5938,4
2814,0
6765,5
5939,4
752,0
497,0
56,2
2267,0
7249,6
4071,2
2551,0
6544,5
7104,6
2834,0
2120,1
6598,5
4040,2
704,0
3283,1
4878,3
2203,0
356,3
7412,6
6860,5
1368,0
2236,4
3493,0
1287,0
7382,6
6573,5
4075,0
6527,5
3150,0
1325,0
4163,3
1252,5
1880,4
5461,4
450,6
759,1
2430,0
12,1
846,0
7598,6
2342,0
5645,4
6777,5
3833,2
5162,4
4431,3
369,0
6449,0
4898,3
2091,0
6774,5
6920,5
6379,5
5096,4
731,0
7475,6
1278,1
4251,3
4326,3
6268,5
1301,2
3445,1
4265,3
4808,3
7584,6
7263,6
5395,4
4036,2
6016,5
6461,5
5824,4
5293,4
657,0
2174,0
678,0
3744,2
2856,0
6471,5
6964,5
1247,0
612,0
6828,0
32,2
4433,3
5189,4
6112,5
5757,4
4006,2
1091,2
2226,0
7508,6
3347,0
6120,5
4216,3
88,1
7190,6
3449,1
4313,0
3990,2
209,1
19,0
4051,2
4288,3
2745,0
4658,3
1362,6
1042,0
3745,0
5181,4
6467,5
1038,0
4763,3
741,0
714,0
3417,0
5273,4
7142,6
2198,0
5607,4
6308,5
3371,1
6748,5
6970,5
3076,1
3166,1
7255,0
6044,5
1387,0
3199,1
1565,0
7507,0
588,5
4205,3
435,0
150,3
5089,4
7304,6
1174,0
4212,3
4762,3
2571,0
1942,0
3546,1
1485,0
1960,0
3135,1
2506,1
1811,0
7112,0
4019,2
7152,0
279,1
30,0
5236,4
6839,5
4825,3
5608,4
7137,6
1538,3
1985,0
1946,5
2544,0
14,0
1680,1
7560,1
4988,3
6591,1
2197,3
1286,1
1385,2
1499,2
6057,5
4843,3
1575,0
4262,3
7426,4
2060,0
6795,5
628,0
2652,0
1307,3
2561,0
6488,5
6594,5
2990,0
7085,6
1412,1
6567,5
5560,4
2296,0
1887,3
6797,5
2987,0
5696,4
2222,0
2332,0
6878,5
2354,0
4144,2
360,1
3776,2
4448,3
3396,1
3425,0
7088,6
2248,0
3720,2
798,2
4434,3
738,2
1833,0
7397,6
3983,2
6236,5
6410,0
5921,4
2602,0
6519,5
5692,4
2661,0
4025,2
6285,5
2366,0
5022,4
26,0
5212,4
4437,0
746,0
1737,4
2051,4
4583,3
3800,2
3096,1
7489,6
6783,5
4675,3
883,0
7342,3
2440,0
2369,0
4,0
5190,4
7519,6
1599,0
7,0
4703,3
1331,0
6757,5
7006,6
4393,3
2986,0
180,0
2927,0
4788,3
1415,1
2268,1
6350,5
5685,4
4149,2
1149,0
3294,1
5728,4
1691,0
6014,5
1761,0
5179,4
4505,3
3247,0
5914,4
4070,2
3326,1
6052,5
1482,0
3022,0
6752,5
1062,6
2708,0
5857,4
3015,2
6936,5
4817,3
6211,5
4546,3
7389,6
6409,5
4166,3
3901,0
4680,3
97,0
1273,4
6963,5
5590,4
7155,6
5907,4
2101,0
1382,0
3773,2
5428,4
1560,0
1621,6
4571,3
1662,1
2943,0
415,0
575,1
6623,5
5064,4
6314,5
5150,4
6869,5
1870,0
299,0
1509,6
6896,5
3483,1
4072,0
5720,4
5376,4
677,0
1293,0
4081,1
6009,5
3729,2
2132,0
4379,3
5665,4
3036,0
685,0
5020,4
143,0
7577,6
2137,0
1211,1
6252,5
2945,0
4872,3
332,0
5774,4
6163,5
2612,0
1976,2
1347,1
5523,4
5669,4
4276,0
4127,2
5678,4
6490,5
7121,6
4493,3
4577,3
3780,2
536,0
5009,3
4623,3
3055,0
5156,4
2756,0
1420,0
76,6
3707,2
5550,4
4820,3
5996,5
4305,3
7506,6
4264,3
1503,1
4598,3
4105,2
724,1
2314,0
7392,6
6100,5
813,0
3128,0
4655,0
1221,0
7015,6
2374,1
2414,5
1914,1
196,3
274,0
188,1
598,0
5430,4
4969,3
1918,0
7166,6
5808,4
4372,0
5185,4
3902,2
6507,5
2702,0
5796,4
7034,1
4117,2
1982,6
3945,2
5785,4
1682,1
6106,5
4102,0
5963,4
5327,4
7175,6
3904,0
2678,0
7503,6
4980,3
222,0
7200,6
5768,4
2401,0
2467,0
2583,0
4903,3
200,4
943,0
5680,4
896,4
5795,4
776,0
4555,3
295,3
6741,5
1843,2
1192,2
5891,4
7424,4
1333,0
547,1
4364,3
7196,0
2907,5
3044,0
844,0
4247,3
2346,0
6054,5
5579,4
6692,5
1239,0
4685,3
66,0
6629,5
6678,5
4310,3
185,0
2865,0
2740,0
7552,6
1898,0
5799,4
572,1
5831,4
2075,6
2692,5
3746,2
3815,2
7312,6
4239,3
5818,4
5764,4
919,0
5269,4
3488,1
3237,1
4791,3
1530,0
5634,4
2201,0
3328,1
1480,0
5364,4
7587,6
5268,0
6243,5
3891,0
6876,5
2896,0
1043,4
549,0
2673,0
1050,4
1504,6
421,0
1539,0
2696,0
3155,1
5861,4
5412,4
2815,1
1494,0
5801,4
7238,6
6086,5
2395,0
3305,0
5789,4
1466,3
5120,4
4803,0
1776,0
4405,3
6651,5
6385,5
4399,3
3144,1
2690,2
5249,4
3134,1
3194,0
5968,3
7352,6
451,1
5097,4
1141,0
2698,0
935,1
4294,3
6750,5
3540,1
3137,0
6883,5
3161,1
644,4
7302,0
78,1
1644,4
7234,6
5849,4
635,0
269,0
6257,5
7611,6
3552,1
5826,4
4863,3
1828,0
1140,0
3638,2
4195,3
3003,0
3785,0
6720,5
4637,3
4188,3
1699,0
1072,0
1688,0
4902,3
5045,4
5835,4
1245,1
370,0
4480,3
5585,4
4039,2
1660,0
516,0
1808,0
3254,6
1488,4
1896,3
3159,1
6534,5
4596,3
5256,4
5234,4
7193,6
5091,4
1591,0
2860,0
5363,4
4702,3
5310,4
4093,2
593,2
5641,4
4208,3
4439,3
6383,5
3927,2
6373,5
4868,3
2015,0
3932,2
7355,6
1441,0
967,1
2172,0
542,0
1436,1
4213,3
7464,6
4850,3
4615,3
2647,0
1317,0
5492,4
3955,0
5154,4
5352,4
354,0
319,0
6954,5
3890,2
7311,6
2111,1
6085,5
3322,1
5405,4
3795,2
5388,4
2136,5
7251,0
530,0
4121,1
2459,4
3641,5
3657,2
5277,0
6129,5
630,1
4119,2
6090,5
610,0
7555,0
3153,1
1636,0
4508,3
1894,1
3292,0
2898,1
7284,6
1949,0
6661,5
3213,0
6997,5
5061,4
1562,0
5503,4
5552,4
5233,4
1355,1
602,0
4858,0
4892,3
5330,4
6187,5
1712,0
3470,1
1445,0
5715,4
3594,2
7391,6
2108,1
6687,5
6993,5
1632,0
3944,2
2295,2
538,0
6561,5
372,0
2112,1
5281,4
2393,2
2158,0
2399,1
5533,4
1002,2
3432,1
7211,6
2825,0
872,0
5415,4
3754,4
3561,1
6463,5
6646,5
5539,4
5790,4
3007,0
1193,0
7305,1
7336,6
890,0
5601,4
4975,3
2243,0
5280,4
1800,2
2776,0
1734,0
1542,1
5509,4
1465,1
149,0
641,0
5903,4
3298,1
1586,0
663,0
1306,4
4986,3
6767,5
2724,1
7173,6
6579,0
4397,3
3476,1
3146,1
1112,0
2851,0
5998,5
1859,4
5472,4
5555,4
6673,5
6653,5
1519,6
1966,0
1077,0
5383,4
3156,0
2713,0
7571,1
7594,6
2904,0
5953,4
3966,2
3267,1
4556,3
6872,5
102,0
1452,1
2599,0
2235,0
6360,5
4387,3
4729,3
2185,1
1082,6
3802,2
271,0
3334,1
3478,1
89,4
2151,0
